{
	"IcoMoonType": "selection",
	"icons": [
		{
			"icon": {
				"paths": [
					"M512 576l256-256h-192v-256h-128v256h-192zM744.726 471.272l-71.74 71.742 260.080 96.986-421.066 157.018-421.066-157.018 260.080-96.986-71.742-71.742-279.272 104.728v256l512 192 512-192v-256z"
				],
				"tags": [
					"download",
					"store",
					"save",
					"arrow"
				],
				"grid": 16,
				"defaultCode": 983040
			},
			"properties": {
				"order": 1,
				"id": 95,
				"prevSize": 32,
				"name": "download",
				"ligatures": "",
				"code": 58880
			}
		}
	],
	"height": 1024,
	"metadata": {
		"name": "icomoon"
	},
	"preferences": {
		"showGlyphs": true,
		"showQuickUse": false,
		"fontPref": {
			"prefix": "icon-",
			"metadata": {
				"fontFamily": "icomoon"
			},
			"metrics": {
				"emSize": 1024,
				"baseline": 18,
				"whitespace": 50
			},
			"resetPoint": 58880,
			"showMetrics": true,
			"autoHost": true
		},
		"imagePref": {},
		"historySize": 100,
		"showCodes": true,
		"gridSize": 16,
		"quickUsageToken": {
			"Untitled Project 2": "MTc2NWEwYWNmOGJmN2VhMzJjMmE4ZTRkYjI2MjE0NjQjMiMxMzg2ODk5MDYyIyMj"
		}
	}
}